"Relative","Size","LastWriteTime"
"package-lock.json","20390","2026-06-24 18:57:45"
"package.json","942","2026-06-22 21:29:16"
"node_modules\.package-lock.json","19684","2026-06-24 18:57:45"
"node_modules\anymatch\package.json","904","2026-06-24 18:57:44"
"node_modules\balanced-match\package.json","1069","2026-06-24 18:57:44"
"node_modules\binary-extensions\binary-extensions.json","2193","2026-06-24 18:57:44"
"node_modules\binary-extensions\package.json","739","2026-06-24 18:57:44"
"node_modules\brace-expansion\package.json","1156","2026-06-24 18:57:44"
"node_modules\braces\package.json","1647","2026-06-24 18:57:44"
"node_modules\chokidar\package.json","1648","2026-06-24 18:57:44"
"node_modules\clean-css\package.json","1127","2026-06-24 18:57:45"
"node_modules\clean-css-cli\package.json","1105","2026-06-24 18:57:44"
"node_modules\commander\package-support.json","231","2026-06-24 18:57:44"
"node_modules\commander\package.json","1767","2026-06-24 18:57:44"
"node_modules\concat-map\package.json","989","2026-06-24 18:57:44"
"node_modules\debug\package.json","1479","2026-06-24 18:57:44"
"node_modules\fill-range\package.json","1760","2026-06-24 18:57:44"
"node_modules\fs.realpath\package.json","577","2026-06-24 18:57:44"
"node_modules\glob\package.json","1237","2026-06-24 18:57:44"
"node_modules\glob-parent\package.json","1105","2026-06-24 18:57:44"
"node_modules\has-flag\package.json","710","2026-06-24 18:57:44"
"node_modules\ignore-by-default\package.json","775","2026-06-24 18:57:44"
"node_modules\inflight\package.json","658","2026-06-24 18:57:44"
"node_modules\inherits\package.json","581","2026-06-24 18:57:44"
"node_modules\is-binary-path\package.json","657","2026-06-24 18:57:44"
"node_modules\is-extglob\package.json","1220","2026-06-24 18:57:44"
"node_modules\is-glob\package.json","1748","2026-06-24 18:57:44"
"node_modules\is-number\package.json","1599","2026-06-24 18:57:44"
"node_modules\minimatch\package.json","700","2026-06-24 18:57:44"
"node_modules\ms\package.json","732","2026-06-24 18:57:44"
"node_modules\nodemon\.prettierrc.json","26","2026-06-24 18:57:44"
"node_modules\nodemon\jsconfig.json","142","2026-06-24 18:57:44"
"node_modules\nodemon\package.json","2122","2026-06-24 18:57:44"
"node_modules\nodemon\node_modules\balanced-match\package.json","1596","2026-06-24 18:57:44"
"node_modules\nodemon\node_modules\balanced-match\dist\commonjs\package.json","25","2026-06-24 18:57:44"
"node_modules\nodemon\node_modules\balanced-match\dist\esm\package.json","23","2026-06-24 18:57:44"
"node_modules\nodemon\node_modules\brace-expansion\package.json","1559","2026-06-24 18:57:44"
"node_modules\nodemon\node_modules\brace-expansion\dist\commonjs\package.json","25","2026-06-24 18:57:44"
"node_modules\nodemon\node_modules\brace-expansion\dist\esm\package.json","23","2026-06-24 18:57:44"
"node_modules\nodemon\node_modules\minimatch\package.json","1810","2026-06-24 18:57:44"
"node_modules\nodemon\node_modules\minimatch\dist\commonjs\package.json","25","2026-06-24 18:57:44"
"node_modules\nodemon\node_modules\minimatch\dist\esm\package.json","23","2026-06-24 18:57:44"
"node_modules\normalize-path\package.json","1666","2026-06-24 18:57:44"
"node_modules\once\package.json","574","2026-06-24 18:57:44"
"node_modules\path-is-absolute\package.json","733","2026-06-24 18:57:44"
"node_modules\picomatch\package.json","1912","2026-06-24 18:57:44"
"node_modules\pstree.remy\package.json","629","2026-06-24 18:57:44"
"node_modules\readdirp\package.json","2522","2026-06-24 18:57:44"
"node_modules\semver\package.json","1661","2026-06-24 18:57:44"
"node_modules\simple-update-notifier\package.json","2510","2026-06-24 18:57:44"
"node_modules\source-map\package.json","2579","2026-06-24 18:57:44"
"node_modules\supports-color\package.json","818","2026-06-24 18:57:44"
"node_modules\to-regex-range\package.json","1782","2026-06-24 18:57:44"
"node_modules\touch\package.json","607","2026-06-24 18:57:44"
"node_modules\uglify-js\package.json","1068","2026-06-24 18:57:44"
"node_modules\uglify-js\tools\domprops.json","183589","2026-06-24 18:57:44"
"node_modules\undefsafe\package.json","784","2026-06-24 18:57:44"
"node_modules\wrappy\package.json","606","2026-06-24 18:57:44"
