"Relative","Length","LastWriteTime","FullName"
"helpers\auth.php",,"2026-05-22 15:55:55","C:\xampp\htdocs\KVN_Construction\helpers\auth.php"
"helpers\csrf.php",,"2026-06-20 11:43:22","C:\xampp\htdocs\KVN_Construction\helpers\csrf.php"
"helpers\formatter.php",,"2026-06-15 20:48:51","C:\xampp\htdocs\KVN_Construction\helpers\formatter.php"
"helpers\functions.php",,"2026-06-24 21:16:57","C:\xampp\htdocs\KVN_Construction\helpers\functions.php"
"helpers\functions_security.php",,"2026-06-17 18:17:58","C:\xampp\htdocs\KVN_Construction\helpers\functions_security.php"
"helpers\mail.php",,"2026-07-20 22:04:59","C:\xampp\htdocs\KVN_Construction\helpers\mail.php"
"helpers\otp.php",,"2026-06-22 21:26:43","C:\xampp\htdocs\KVN_Construction\helpers\otp.php"
"helpers\rateLimiter.php",,"2026-07-20 22:08:21","C:\xampp\htdocs\KVN_Construction\helpers\rateLimiter.php"
"helpers\security.php",,"2026-06-27 17:21:06","C:\xampp\htdocs\KVN_Construction\helpers\security.php"
"helpers\security_audit.php",,"2026-07-22 20:12:29","C:\xampp\htdocs\KVN_Construction\helpers\security_audit.php"
"helpers\seo.php",,"2026-05-22 18:35:15","C:\xampp\htdocs\KVN_Construction\helpers\seo.php"
"helpers\session.php",,"2026-07-20 22:04:59","C:\xampp\htdocs\KVN_Construction\helpers\session.php"
"helpers\sms.php",,"2026-07-20 22:04:59","C:\xampp\htdocs\KVN_Construction\helpers\sms.php"
"helpers\upload.php",,"2026-06-17 18:42:43","C:\xampp\htdocs\KVN_Construction\helpers\upload.php"
