"Name","Length","LastWriteTime","Relative","FullName"
"index.php","93","2026-06-24 22:31:45","index.php","C:\xampp\htdocs\KVN_Construction\index.php"
"_debug.php","735","2026-06-28 20:15:09","_debug.php","C:\xampp\htdocs\KVN_Construction\_debug.php"
"_fix.php","444","2026-06-27 23:50:06","_fix.php","C:\xampp\htdocs\KVN_Construction\_fix.php"
"_simple.php","21","2026-06-28 20:12:20","_simple.php","C:\xampp\htdocs\KVN_Construction\_simple.php"
"AdminController.php","3825","2026-07-20 22:06:28","app\controllers\admin\AdminController.php","C:\xampp\htdocs\KVN_Construction\app\controllers\admin\AdminController.php"
"LeadController.php","6225","2026-06-21 16:00:04","app\controllers\admin\LeadController.php","C:\xampp\htdocs\KVN_Construction\app\controllers\admin\LeadController.php"
"MediaController.php","7857","2026-06-21 16:27:10","app\controllers\admin\MediaController.php","C:\xampp\htdocs\KVN_Construction\app\controllers\admin\MediaController.php"
"ProjectController.php","7314","2026-06-20 20:41:39","app\controllers\admin\ProjectController.php","C:\xampp\htdocs\KVN_Construction\app\controllers\admin\ProjectController.php"
"AdminAuthController.php","570","2026-07-22 21:27:08","app\controllers\auth\AdminAuthController.php","C:\xampp\htdocs\KVN_Construction\app\controllers\auth\AdminAuthController.php"
"AuthController.php","15136","2026-06-10 22:33:24","app\controllers\auth\AuthController.php","C:\xampp\htdocs\KVN_Construction\app\controllers\auth\AuthController.php"
"Lead.php","5521","2026-06-21 15:59:32","app\models\Lead.php","C:\xampp\htdocs\KVN_Construction\app\models\Lead.php"
"User.php","16431","2026-06-25 09:52:51","app\models\User.php","C:\xampp\htdocs\KVN_Construction\app\models\User.php"
"SessionManager.php","3325","2026-06-21 16:56:20","app\security\SessionManager.php","C:\xampp\htdocs\KVN_Construction\app\security\SessionManager.php"
"admin-login.php","10407","2026-06-20 12:01:24","app\views\auth\admin-login.php","C:\xampp\htdocs\KVN_Construction\app\views\auth\admin-login.php"
"client-login.php","6387","2026-06-20 12:01:22","app\views\auth\client-login.php","C:\xampp\htdocs\KVN_Construction\app\views\auth\client-login.php"
"404.php","1734","2026-06-22 23:05:49","app\views\errors\404.php","C:\xampp\htdocs\KVN_Construction\app\views\errors\404.php"
"footer.php","14128","2026-06-22 23:06:14","app\views\layouts\footer.php","C:\xampp\htdocs\KVN_Construction\app\views\layouts\footer.php"
"header.php","10569","2026-07-23 18:31:17","app\views\layouts\header.php","C:\xampp\htdocs\KVN_Construction\app\views\layouts\header.php"
"navbar.php","6954","2026-07-22 21:28:40","app\views\layouts\navbar.php","C:\xampp\htdocs\KVN_Construction\app\views\layouts\navbar.php"
"sidebar.php","8955","2026-07-22 21:27:55","app\views\layouts\sidebar.php","C:\xampp\htdocs\KVN_Construction\app\views\layouts\sidebar.php"
"app.php","13478","2026-07-22 22:02:59","config\app.php","C:\xampp\htdocs\KVN_Construction\config\app.php"
"database.php","3517","2026-07-22 21:35:05","config\database.php","C:\xampp\htdocs\KVN_Construction\config\database.php"
"Controller.php","5799","2026-07-22 20:09:04","core\Controller.php","C:\xampp\htdocs\KVN_Construction\core\Controller.php"
"Model.php","8891","2026-06-11 19:48:36","core\Model.php","C:\xampp\htdocs\KVN_Construction\core\Model.php"
"Router.php","7433","2026-07-23 18:02:20","core\Router.php","C:\xampp\htdocs\KVN_Construction\core\Router.php"
"View.php","6986","2026-07-22 20:08:52","core\View.php","C:\xampp\htdocs\KVN_Construction\core\View.php"
"auth.php","1952","2026-05-22 15:55:55","helpers\auth.php","C:\xampp\htdocs\KVN_Construction\helpers\auth.php"
"csrf.php","8217","2026-06-20 11:43:22","helpers\csrf.php","C:\xampp\htdocs\KVN_Construction\helpers\csrf.php"
"formatter.php","3497","2026-06-15 20:48:51","helpers\formatter.php","C:\xampp\htdocs\KVN_Construction\helpers\formatter.php"
"functions.php","1781","2026-06-24 21:16:57","helpers\functions.php","C:\xampp\htdocs\KVN_Construction\helpers\functions.php"
"functions_security.php","1287","2026-06-17 18:17:58","helpers\functions_security.php","C:\xampp\htdocs\KVN_Construction\helpers\functions_security.php"
"mail.php","19021","2026-07-20 22:04:59","helpers\mail.php","C:\xampp\htdocs\KVN_Construction\helpers\mail.php"
"otp.php","3487","2026-06-22 21:26:43","helpers\otp.php","C:\xampp\htdocs\KVN_Construction\helpers\otp.php"
"rateLimiter.php","13819","2026-07-20 22:08:21","helpers\rateLimiter.php","C:\xampp\htdocs\KVN_Construction\helpers\rateLimiter.php"
"security.php","12570","2026-06-27 17:21:06","helpers\security.php","C:\xampp\htdocs\KVN_Construction\helpers\security.php"
"security_audit.php","8500","2026-07-22 20:12:29","helpers\security_audit.php","C:\xampp\htdocs\KVN_Construction\helpers\security_audit.php"
"seo.php","3757","2026-05-22 18:35:15","helpers\seo.php","C:\xampp\htdocs\KVN_Construction\helpers\seo.php"
"session.php","20340","2026-07-20 22:04:59","helpers\session.php","C:\xampp\htdocs\KVN_Construction\helpers\session.php"
"sms.php","13968","2026-07-20 22:04:59","helpers\sms.php","C:\xampp\htdocs\KVN_Construction\helpers\sms.php"
"upload.php","14639","2026-06-17 18:42:43","helpers\upload.php","C:\xampp\htdocs\KVN_Construction\helpers\upload.php"
"admin-auth.php","70","2026-06-11 21:28:26","middleware\admin-auth.php","C:\xampp\htdocs\KVN_Construction\middleware\admin-auth.php"
"admin-guest.php","392","2026-07-22 21:27:08","middleware\admin-guest.php","C:\xampp\htdocs\KVN_Construction\middleware\admin-guest.php"
"admin.php","10673","2026-07-22 21:27:08","middleware\admin.php","C:\xampp\htdocs\KVN_Construction\middleware\admin.php"
"auth.php","8348","2026-06-11 21:42:07","middleware\auth.php","C:\xampp\htdocs\KVN_Construction\middleware\auth.php"
"client.php","72","2026-06-11 21:28:26","middleware\client.php","C:\xampp\htdocs\KVN_Construction\middleware\client.php"
"clients.php","6434","2026-06-11 21:42:07","middleware\clients.php","C:\xampp\htdocs\KVN_Construction\middleware\clients.php"
"guest.php","6895","2026-06-11 21:42:07","middleware\guest.php","C:\xampp\htdocs\KVN_Construction\middleware\guest.php"
"404.php","499","2026-06-29 20:53:56","public\404.php","C:\xampp\htdocs\KVN_Construction\public\404.php"
"about-us.php","6884","2026-06-24 22:11:10","public\about-us.php","C:\xampp\htdocs\KVN_Construction\public\about-us.php"
"blog-details.php","12134","2026-06-26 08:59:57","public\blog-details.php","C:\xampp\htdocs\KVN_Construction\public\blog-details.php"
"blogs.php","13076","2026-06-26 09:00:25","public\blogs.php","C:\xampp\htdocs\KVN_Construction\public\blogs.php"
"careers.php","4074","2026-05-22 17:06:22","public\careers.php","C:\xampp\htdocs\KVN_Construction\public\careers.php"
"contact.php","21492","2026-06-22 21:21:38","public\contact.php","C:\xampp\htdocs\KVN_Construction\public\contact.php"
"estimator.php","13794","2026-06-26 08:48:00","public\estimator.php","C:\xampp\htdocs\KVN_Construction\public\estimator.php"
"faq.php","1645","2026-06-29 20:54:31","public\faq.php","C:\xampp\htdocs\KVN_Construction\public\faq.php"
"forgot-password.php","12065","2026-07-22 21:34:09","public\forgot-password.php","C:\xampp\htdocs\KVN_Construction\public\forgot-password.php"
"gallery.php","1149","2026-06-29 20:54:44","public\gallery.php","C:\xampp\htdocs\KVN_Construction\public\gallery.php"
"index.php","17135","2026-06-26 08:59:03","public\index.php","C:\xampp\htdocs\KVN_Construction\public\index.php"
"login.php","91","2026-06-11 18:50:26","public\login.php","C:\xampp\htdocs\KVN_Construction\public\login.php"
"logout.php","879","2026-07-22 21:27:08","public\logout.php","C:\xampp\htdocs\KVN_Construction\public\logout.php"
"packages.php","1366","2026-06-29 20:55:05","public\packages.php","C:\xampp\htdocs\KVN_Construction\public\packages.php"
"phone-login.php","8156","2026-06-20 20:40:58","public\phone-login.php","C:\xampp\htdocs\KVN_Construction\public\phone-login.php"
"privacy.php","651","2026-06-29 20:54:07","public\privacy.php","C:\xampp\htdocs\KVN_Construction\public\privacy.php"
"project-details.php","13904","2026-06-26 09:01:11","public\project-details.php","C:\xampp\htdocs\KVN_Construction\public\project-details.php"
"projects.php","2945","2026-06-26 09:00:39","public\projects.php","C:\xampp\htdocs\KVN_Construction\public\projects.php"
"register.php","4394","2026-06-20 12:01:57","public\register.php","C:\xampp\htdocs\KVN_Construction\public\register.php"
"reset-password.php","13663","2026-07-22 21:34:09","public\reset-password.php","C:\xampp\htdocs\KVN_Construction\public\reset-password.php"
"services.php","11986","2026-06-21 17:20:37","public\services.php","C:\xampp\htdocs\KVN_Construction\public\services.php"
"terms.php","597","2026-06-29 20:54:18","public\terms.php","C:\xampp\htdocs\KVN_Construction\public\terms.php"
"testimonials.php","865","2026-06-29 20:55:00","public\testimonials.php","C:\xampp\htdocs\KVN_Construction\public\testimonials.php"
"verify-phone-otp.php","13524","2026-06-17 18:15:37","public\verify-phone-otp.php","C:\xampp\htdocs\KVN_Construction\public\verify-phone-otp.php"
"verify-reset-otp.php","11936","2026-06-21 15:41:10","public\verify-reset-otp.php","C:\xampp\htdocs\KVN_Construction\public\verify-reset-otp.php"
"videos.php","369","2026-06-29 20:55:02","public\videos.php","C:\xampp\htdocs\KVN_Construction\public\videos.php"
"dashboard.php","19852","2026-06-20 20:43:22","public\admin\dashboard.php","C:\xampp\htdocs\KVN_Construction\public\admin\dashboard.php"
"index.php","90","2026-06-20 12:05:36","public\admin\index.php","C:\xampp\htdocs\KVN_Construction\public\admin\index.php"
"login.php","96","2026-06-20 12:05:36","public\admin\login.php","C:\xampp\htdocs\KVN_Construction\public\admin\login.php"
"logout.php","540","2026-07-22 21:27:08","public\admin\logout.php","C:\xampp\htdocs\KVN_Construction\public\admin\logout.php"
"categories.php","26003","2026-06-20 12:05:36","public\admin\blogs\categories.php","C:\xampp\htdocs\KVN_Construction\public\admin\blogs\categories.php"
"comments.php","27456","2026-06-20 12:05:36","public\admin\blogs\comments.php","C:\xampp\htdocs\KVN_Construction\public\admin\blogs\comments.php"
"create.php","18353","2026-06-20 12:05:36","public\admin\blogs\create.php","C:\xampp\htdocs\KVN_Construction\public\admin\blogs\create.php"
"edit.php","24529","2026-06-20 12:05:36","public\admin\blogs\edit.php","C:\xampp\htdocs\KVN_Construction\public\admin\blogs\edit.php"
"index.php","26912","2026-06-20 12:05:36","public\admin\blogs\index.php","C:\xampp\htdocs\KVN_Construction\public\admin\blogs\index.php"
"tags.php","25918","2026-06-20 12:05:36","public\admin\blogs\tags.php","C:\xampp\htdocs\KVN_Construction\public\admin\blogs\tags.php"
"feedback.php","21565","2026-06-20 12:05:36","public\admin\clients\feedback.php","C:\xampp\htdocs\KVN_Construction\public\admin\clients\feedback.php"
"index.php","21400","2026-06-20 12:05:36","public\admin\clients\index.php","C:\xampp\htdocs\KVN_Construction\public\admin\clients\index.php"
"payments.php","21258","2026-06-20 12:05:36","public\admin\clients\payments.php","C:\xampp\htdocs\KVN_Construction\public\admin\clients\payments.php"
"projects.php","24189","2026-06-20 12:05:36","public\admin\clients\projects.php","C:\xampp\htdocs\KVN_Construction\public\admin\clients\projects.php"
"view.php","23272","2026-06-20 12:05:36","public\admin\clients\view.php","C:\xampp\htdocs\KVN_Construction\public\admin\clients\view.php"
"about.php","14169","2026-06-20 12:05:36","public\admin\cms\about.php","C:\xampp\htdocs\KVN_Construction\public\admin\cms\about.php"
"contact.php","16394","2026-06-20 12:05:36","public\admin\cms\contact.php","C:\xampp\htdocs\KVN_Construction\public\admin\cms\contact.php"
"faq.php","17232","2026-06-20 12:05:36","public\admin\cms\faq.php","C:\xampp\htdocs\KVN_Construction\public\admin\cms\faq.php"
"homepage.php","16526","2026-06-20 12:05:36","public\admin\cms\homepage.php","C:\xampp\htdocs\KVN_Construction\public\admin\cms\homepage.php"
"seo.php","15263","2026-06-20 12:05:36","public\admin\cms\seo.php","C:\xampp\htdocs\KVN_Construction\public\admin\cms\seo.php"
"index.php","22949","2026-06-29 20:30:41","public\admin\estimators\index.php","C:\xampp\htdocs\KVN_Construction\public\admin\estimators\index.php"
"materials.php","29116","2026-06-30 16:28:19","public\admin\estimators\materials.php","C:\xampp\htdocs\KVN_Construction\public\admin\estimators\materials.php"
"packages.php","28898","2026-06-20 12:05:36","public\admin\estimators\packages.php","C:\xampp\htdocs\KVN_Construction\public\admin\estimators\packages.php"
"pricing.php","38314","2026-06-20 12:05:36","public\admin\estimators\pricing.php","C:\xampp\htdocs\KVN_Construction\public\admin\estimators\pricing.php"
"requests.php","20570","2026-06-29 20:30:51","public\admin\estimators\requests.php","C:\xampp\htdocs\KVN_Construction\public\admin\estimators\requests.php"
"create.php","12412","2026-06-21 16:00:32","public\admin\leads\create.php","C:\xampp\htdocs\KVN_Construction\public\admin\leads\create.php"
"delete.php","900","2026-06-21 16:01:34","public\admin\leads\delete.php","C:\xampp\htdocs\KVN_Construction\public\admin\leads\delete.php"
"edit.php","16199","2026-06-21 16:01:00","public\admin\leads\edit.php","C:\xampp\htdocs\KVN_Construction\public\admin\leads\edit.php"
"index.php","21153","2026-06-21 16:00:19","public\admin\leads\index.php","C:\xampp\htdocs\KVN_Construction\public\admin\leads\index.php"
"pipeline.php","20106","2026-06-21 16:01:20","public\admin\leads\pipeline.php","C:\xampp\htdocs\KVN_Construction\public\admin\leads\pipeline.php"
"update-status.php","3705","2026-06-21 16:26:00","public\admin\leads\update-status.php","C:\xampp\htdocs\KVN_Construction\public\admin\leads\update-status.php"
"view.php","21998","2026-06-20 12:05:36","public\admin\leads\view.php","C:\xampp\htdocs\KVN_Construction\public\admin\leads\view.php"
"documents.php","10398","2026-06-20 12:05:36","public\admin\media\documents.php","C:\xampp\htdocs\KVN_Construction\public\admin\media\documents.php"
"images.php","10094","2026-06-20 12:05:36","public\admin\media\images.php","C:\xampp\htdocs\KVN_Construction\public\admin\media\images.php"
"index.php","10627","2026-06-20 12:05:36","public\admin\media\index.php","C:\xampp\htdocs\KVN_Construction\public\admin\media\index.php"
"uploads.php","10579","2026-06-20 12:05:37","public\admin\media\uploads.php","C:\xampp\htdocs\KVN_Construction\public\admin\media\uploads.php"
"videos.php","10465","2026-06-20 12:05:37","public\admin\media\videos.php","C:\xampp\htdocs\KVN_Construction\public\admin\media\videos.php"
"create.php","7493","2026-06-20 12:05:37","public\admin\portfolio\create.php","C:\xampp\htdocs\KVN_Construction\public\admin\portfolio\create.php"
"edit.php","8559","2026-06-20 12:05:37","public\admin\portfolio\edit.php","C:\xampp\htdocs\KVN_Construction\public\admin\portfolio\edit.php"
"featured.php","8376","2026-06-20 12:05:37","public\admin\portfolio\featured.php","C:\xampp\htdocs\KVN_Construction\public\admin\portfolio\featured.php"
"index.php","7385","2026-06-20 12:05:37","public\admin\portfolio\index.php","C:\xampp\htdocs\KVN_Construction\public\admin\portfolio\index.php"
"create.php","19192","2026-06-20 12:05:37","public\admin\projects\create.php","C:\xampp\htdocs\KVN_Construction\public\admin\projects\create.php"
"edit.php","25299","2026-06-20 12:05:37","public\admin\projects\edit.php","C:\xampp\htdocs\KVN_Construction\public\admin\projects\edit.php"
"gallery.php","11038","2026-06-30 16:08:54","public\admin\projects\gallery.php","C:\xampp\htdocs\KVN_Construction\public\admin\projects\gallery.php"
"index.php","22960","2026-06-20 20:41:54","public\admin\projects\index.php","C:\xampp\htdocs\KVN_Construction\public\admin\projects\index.php"
"milestones.php","16952","2026-06-30 16:09:19","public\admin\projects\milestones.php","C:\xampp\htdocs\KVN_Construction\public\admin\projects\milestones.php"
"view.php","30334","2026-06-20 12:05:37","public\admin\projects\view.php","C:\xampp\htdocs\KVN_Construction\public\admin\projects\view.php"
"approvals.php","26295","2026-06-20 12:05:37","public\admin\quotations\approvals.php","C:\xampp\htdocs\KVN_Construction\public\admin\quotations\approvals.php"
"create.php","26854","2026-06-20 12:05:37","public\admin\quotations\create.php","C:\xampp\htdocs\KVN_Construction\public\admin\quotations\create.php"
"edit.php","31606","2026-06-20 12:05:37","public\admin\quotations\edit.php","C:\xampp\htdocs\KVN_Construction\public\admin\quotations\edit.php"
"index.php","20421","2026-06-20 12:05:37","public\admin\quotations\index.php","C:\xampp\htdocs\KVN_Construction\public\admin\quotations\index.php"
"pdf.php","18901","2026-06-30 16:09:28","public\admin\quotations\pdf.php","C:\xampp\htdocs\KVN_Construction\public\admin\quotations\pdf.php"
"estimators.php","21857","2026-06-26 09:11:08","public\admin\reports\estimators.php","C:\xampp\htdocs\KVN_Construction\public\admin\reports\estimators.php"
"leads.php","20623","2026-06-20 12:05:37","public\admin\reports\leads.php","C:\xampp\htdocs\KVN_Construction\public\admin\reports\leads.php"
"projects.php","22436","2026-06-20 12:05:37","public\admin\reports\projects.php","C:\xampp\htdocs\KVN_Construction\public\admin\reports\projects.php"
"quotations.php","21232","2026-06-20 12:05:37","public\admin\reports\quotations.php","C:\xampp\htdocs\KVN_Construction\public\admin\reports\quotations.php"
"revenue.php","19161","2026-06-20 12:05:37","public\admin\reports\revenue.php","C:\xampp\htdocs\KVN_Construction\public\admin\reports\revenue.php"
"audit-logs.php","10714","2026-06-20 12:05:37","public\admin\security\audit-logs.php","C:\xampp\htdocs\KVN_Construction\public\admin\security\audit-logs.php"
"blocked-users.php","14631","2026-06-20 12:05:37","public\admin\security\blocked-users.php","C:\xampp\htdocs\KVN_Construction\public\admin\security\blocked-users.php"
"login-attempts.php","10320","2026-06-20 12:05:37","public\admin\security\login-attempts.php","C:\xampp\htdocs\KVN_Construction\public\admin\security\login-attempts.php"
"logs.php","10964","2026-06-20 12:05:37","public\admin\security\logs.php","C:\xampp\htdocs\KVN_Construction\public\admin\security\logs.php"
"sessions.php","12389","2026-06-20 12:05:37","public\admin\security\sessions.php","C:\xampp\htdocs\KVN_Construction\public\admin\security\sessions.php"
"create.php","6985","2026-06-20 12:05:37","public\admin\services\create.php","C:\xampp\htdocs\KVN_Construction\public\admin\services\create.php"
"edit.php","8623","2026-06-20 12:05:37","public\admin\services\edit.php","C:\xampp\htdocs\KVN_Construction\public\admin\services\edit.php"
"index.php","16573","2026-06-20 12:05:37","public\admin\services\index.php","C:\xampp\htdocs\KVN_Construction\public\admin\services\index.php"
"general.php","19572","2026-06-20 12:05:37","public\admin\settings\general.php","C:\xampp\htdocs\KVN_Construction\public\admin\settings\general.php"
"integrations.php","18131","2026-06-20 12:05:37","public\admin\settings\integrations.php","C:\xampp\htdocs\KVN_Construction\public\admin\settings\integrations.php"
"security.php","15511","2026-06-20 12:05:37","public\admin\settings\security.php","C:\xampp\htdocs\KVN_Construction\public\admin\settings\security.php"
"seo.php","18903","2026-06-20 12:05:37","public\admin\settings\seo.php","C:\xampp\htdocs\KVN_Construction\public\admin\settings\seo.php"
"sms.php","15329","2026-06-20 12:05:37","public\admin\settings\sms.php","C:\xampp\htdocs\KVN_Construction\public\admin\settings\sms.php"
"smtp.php","13138","2026-06-30 16:06:10","public\admin\settings\smtp.php","C:\xampp\htdocs\KVN_Construction\public\admin\settings\smtp.php"
"approvals.php","9930","2026-06-20 12:05:37","public\admin\testimonials\approvals.php","C:\xampp\htdocs\KVN_Construction\public\admin\testimonials\approvals.php"
"featured.php","10221","2026-06-20 12:05:37","public\admin\testimonials\featured.php","C:\xampp\htdocs\KVN_Construction\public\admin\testimonials\featured.php"
"index.php","7821","2026-06-20 12:05:37","public\admin\testimonials\index.php","C:\xampp\htdocs\KVN_Construction\public\admin\testimonials\index.php"
"videos.php","8348","2026-06-20 12:05:37","public\admin\testimonials\videos.php","C:\xampp\htdocs\KVN_Construction\public\admin\testimonials\videos.php"
"create.php","13733","2026-06-20 12:05:37","public\admin\users\create.php","C:\xampp\htdocs\KVN_Construction\public\admin\users\create.php"
"delete.php","5230","2026-06-20 12:05:37","public\admin\users\delete.php","C:\xampp\htdocs\KVN_Construction\public\admin\users\delete.php"
"edit.php","17719","2026-06-20 12:05:37","public\admin\users\edit.php","C:\xampp\htdocs\KVN_Construction\public\admin\users\edit.php"
"index.php","15274","2026-06-20 12:05:37","public\admin\users\index.php","C:\xampp\htdocs\KVN_Construction\public\admin\users\index.php"
"view.php","16751","2026-06-20 12:05:37","public\admin\users\view.php","C:\xampp\htdocs\KVN_Construction\public\admin\users\view.php"
"categories.php","11658","2026-06-20 12:05:37","public\admin\videos\categories.php","C:\xampp\htdocs\KVN_Construction\public\admin\videos\categories.php"
"create.php","8493","2026-06-20 12:05:37","public\admin\videos\create.php","C:\xampp\htdocs\KVN_Construction\public\admin\videos\create.php"
"index.php","9170","2026-06-20 12:05:37","public\admin\videos\index.php","C:\xampp\htdocs\KVN_Construction\public\admin\videos\index.php"
"admin-login-handler.php","828","2026-07-22 21:34:09","public\auth\admin-login-handler.php","C:\xampp\htdocs\KVN_Construction\public\auth\admin-login-handler.php"
"phone-login-handler.php","761","2026-07-22 21:34:09","public\auth\phone-login-handler.php","C:\xampp\htdocs\KVN_Construction\public\auth\phone-login-handler.php"
"register-handler.php","729","2026-07-22 21:34:09","public\auth\register-handler.php","C:\xampp\htdocs\KVN_Construction\public\auth\register-handler.php"
"resend-otp-handler.php","884","2026-07-22 21:34:09","public\auth\resend-otp-handler.php","C:\xampp\htdocs\KVN_Construction\public\auth\resend-otp-handler.php"
"resend-reset-otp-handler.php","4002","2026-06-21 15:41:47","public\auth\resend-reset-otp-handler.php","C:\xampp\htdocs\KVN_Construction\public\auth\resend-reset-otp-handler.php"
"verify-phone-otp-handler.php","950","2026-07-22 21:34:09","public\auth\verify-phone-otp-handler.php","C:\xampp\htdocs\KVN_Construction\public\auth\verify-phone-otp-handler.php"
"verify-reset-otp-handler.php","4360","2026-06-21 15:41:29","public\auth\verify-reset-otp-handler.php","C:\xampp\htdocs\KVN_Construction\public\auth\verify-reset-otp-handler.php"
"dashboard.php","22691","2026-06-26 09:18:06","public\client\dashboard.php","C:\xampp\htdocs\KVN_Construction\public\client\dashboard.php"
"logout.php","1185","2026-06-20 12:05:37","public\client\logout.php","C:\xampp\htdocs\KVN_Construction\public\client\logout.php"
"agreements.php","17477","2026-06-20 12:17:02","public\client\documents\agreements.php","C:\xampp\htdocs\KVN_Construction\public\client\documents\agreements.php"
"downloads.php","3066","2026-06-20 12:05:37","public\client\documents\downloads.php","C:\xampp\htdocs\KVN_Construction\public\client\documents\downloads.php"
"index.php","16221","2026-06-20 12:16:28","public\client\documents\index.php","C:\xampp\htdocs\KVN_Construction\public\client\documents\index.php"
"permits.php","16578","2026-06-20 12:16:38","public\client\documents\permits.php","C:\xampp\htdocs\KVN_Construction\public\client\documents\permits.php"
"index.php","16020","2026-06-20 12:05:37","public\client\payments\index.php","C:\xampp\htdocs\KVN_Construction\public\client\payments\index.php"
"invoices.php","16247","2026-06-20 12:15:46","public\client\payments\invoices.php","C:\xampp\htdocs\KVN_Construction\public\client\payments\invoices.php"
"receipts.php","16106","2026-06-20 12:16:06","public\client\payments\receipts.php","C:\xampp\htdocs\KVN_Construction\public\client\payments\receipts.php"
"transactions.php","17261","2026-06-20 12:16:08","public\client\payments\transactions.php","C:\xampp\htdocs\KVN_Construction\public\client\payments\transactions.php"
"edit.php","18258","2026-06-20 12:05:37","public\client\profile\edit.php","C:\xampp\htdocs\KVN_Construction\public\client\profile\edit.php"
"index.php","19903","2026-06-20 12:05:37","public\client\profile\index.php","C:\xampp\htdocs\KVN_Construction\public\client\profile\index.php"
"notifications.php","2494","2026-06-20 12:05:37","public\client\profile\notifications.php","C:\xampp\htdocs\KVN_Construction\public\client\profile\notifications.php"
"password.php","11225","2026-06-20 12:05:37","public\client\profile\password.php","C:\xampp\htdocs\KVN_Construction\public\client\profile\password.php"
"gallery.php","13026","2026-06-29 20:33:56","public\client\projects\gallery.php","C:\xampp\htdocs\KVN_Construction\public\client\projects\gallery.php"
"index.php","17177","2026-06-29 20:33:58","public\client\projects\index.php","C:\xampp\htdocs\KVN_Construction\public\client\projects\index.php"
"milestones.php","16905","2026-06-29 20:34:01","public\client\projects\milestones.php","C:\xampp\htdocs\KVN_Construction\public\client\projects\milestones.php"
"updates.php","13026","2026-06-29 20:34:03","public\client\projects\updates.php","C:\xampp\htdocs\KVN_Construction\public\client\projects\updates.php"
"view.php","15765","2026-06-29 20:34:05","public\client\projects\view.php","C:\xampp\htdocs\KVN_Construction\public\client\projects\view.php"
"approvals.php","15693","2026-06-20 12:05:37","public\client\quotations\approvals.php","C:\xampp\htdocs\KVN_Construction\public\client\quotations\approvals.php"
"downloads.php","14680","2026-06-20 12:05:37","public\client\quotations\downloads.php","C:\xampp\htdocs\KVN_Construction\public\client\quotations\downloads.php"
"index.php","16023","2026-06-20 12:15:12","public\client\quotations\index.php","C:\xampp\htdocs\KVN_Construction\public\client\quotations\index.php"
"view.php","12380","2026-06-20 12:17:04","public\client\quotations\view.php","C:\xampp\htdocs\KVN_Construction\public\client\quotations\view.php"
"create-ticket.php","15097","2026-06-20 12:05:37","public\client\support\create-ticket.php","C:\xampp\htdocs\KVN_Construction\public\client\support\create-ticket.php"
"messages.php","17678","2026-06-20 12:05:37","public\client\support\messages.php","C:\xampp\htdocs\KVN_Construction\public\client\support\messages.php"
"tickets.php","22463","2026-06-20 12:05:37","public\client\support\tickets.php","C:\xampp\htdocs\KVN_Construction\public\client\support\tickets.php"
"index.php","3266","2026-06-20 12:05:37","public\client\timeline\index.php","C:\xampp\htdocs\KVN_Construction\public\client\timeline\index.php"
"progress.php","19857","2026-06-30 16:09:51","public\client\timeline\progress.php","C:\xampp\htdocs\KVN_Construction\public\client\timeline\progress.php"
"schedules.php","15115","2026-06-20 12:05:37","public\client\timeline\schedules.php","C:\xampp\htdocs\KVN_Construction\public\client\timeline\schedules.php"
"feedback.php","21523","2026-06-20 12:05:37","public\client\uploads\feedback.php","C:\xampp\htdocs\KVN_Construction\public\client\uploads\feedback.php"
"images.php","17024","2026-06-20 12:15:36","public\client\uploads\images.php","C:\xampp\htdocs\KVN_Construction\public\client\uploads\images.php"
"testimonials.php","23065","2026-06-20 12:05:37","public\client\uploads\testimonials.php","C:\xampp\htdocs\KVN_Construction\public\client\uploads\testimonials.php"
"videos.php","18091","2026-06-20 12:15:25","public\client\uploads\videos.php","C:\xampp\htdocs\KVN_Construction\public\client\uploads\videos.php"
"db.php","892","2026-07-22 21:35:05","public\includes\db.php","C:\xampp\htdocs\KVN_Construction\public\includes\db.php"
"api_estimator.php","9987","2026-06-27 18:33:29","routes\api_estimator.php","C:\xampp\htdocs\KVN_Construction\routes\api_estimator.php"
"AdminTest.php","10820","2026-07-20 22:08:21","tests\AdminTest.php","C:\xampp\htdocs\KVN_Construction\tests\AdminTest.php"
"ApiEstimatorTest.php","9392","2026-07-20 22:08:21","tests\ApiEstimatorTest.php","C:\xampp\htdocs\KVN_Construction\tests\ApiEstimatorTest.php"
"AuthOtpTest.php","5549","2026-06-29 19:32:44","tests\AuthOtpTest.php","C:\xampp\htdocs\KVN_Construction\tests\AuthOtpTest.php"
"bootstrap.php","4083","2026-06-30 16:06:29","tests\bootstrap.php","C:\xampp\htdocs\KVN_Construction\tests\bootstrap.php"
"debug_fixture_rows.php","732","2026-06-27 17:49:11","tests\debug_fixture_rows.php","C:\xampp\htdocs\KVN_Construction\tests\debug_fixture_rows.php"
"debug_otp_select.php","1397","2026-06-27 17:33:44","tests\debug_otp_select.php","C:\xampp\htdocs\KVN_Construction\tests\debug_otp_select.php"
"run.php","1642","2026-07-20 22:06:53","tests\run.php","C:\xampp\htdocs\KVN_Construction\tests\run.php"
"run_api.php","3345","2026-07-20 22:09:02","tests\run_api.php","C:\xampp\htdocs\KVN_Construction\tests\run_api.php"
"run_capture.php","297","2026-06-30 16:14:58","tests\run_capture.php","C:\xampp\htdocs\KVN_Construction\tests\run_capture.php"
"run_captured.php","190","2026-06-30 16:15:06","tests\run_captured.php","C:\xampp\htdocs\KVN_Construction\tests\run_captured.php"
"run_minimal.php","446","2026-06-30 16:15:14","tests\run_minimal.php","C:\xampp\htdocs\KVN_Construction\tests\run_minimal.php"
"run_minimal_test.php","1647","2026-06-30 16:15:33","tests\run_minimal_test.php","C:\xampp\htdocs\KVN_Construction\tests\run_minimal_test.php"
"run_tiny.php","845","2026-06-29 20:13:03","tests\run_tiny.php","C:\xampp\htdocs\KVN_Construction\tests\run_tiny.php"
"run_wrapper.php","334","2026-06-29 19:53:48","tests\run_wrapper.php","C:\xampp\htdocs\KVN_Construction\tests\run_wrapper.php"
"database.php","93","2026-06-27 22:17:03","tests\Fakes\database.php","C:\xampp\htdocs\KVN_Construction\tests\Fakes\database.php"
"FakePDO.php","1108","2026-06-26 23:58:08","tests\Fakes\FakePDO.php","C:\xampp\htdocs\KVN_Construction\tests\Fakes\FakePDO.php"
"FakeStatement.php","1143","2026-06-26 23:58:26","tests\Fakes\FakeStatement.php","C:\xampp\htdocs\KVN_Construction\tests\Fakes\FakeStatement.php"
"otp_sqlite_fixture.php","4799","2026-06-28 19:31:56","tests\fixtures\otp_sqlite_fixture.php","C:\xampp\htdocs\KVN_Construction\tests\fixtures\otp_sqlite_fixture.php"
